id,real_name,email_address,birth_day,user_name,phone_number,address
1,Haroun Pampling,hpampling0@pbs.org,596401422,hpampling0,+263-680-446-3264,63550 Aberg Place
2,Basile Lackinton,blackinton1@hostgator.com,439493364,blackinton1,+504-104-864-8834,7274 Gina Terrace
3,Stormy Cordet,scordet2@auda.org.au,255211686,scordet2,+351-199-760-4113,09780 Ronald Regan Alley
4,Beth Talbot,btalbot3@cyberchimps.com,65170058,btalbot3,+55-703-686-0721,35 Hallows Parkway
5,Scarface Cornelis,scornelis4@hhs.gov,226907102,scornelis4,+86-641-250-5625,6 Roxbury Junction
6,Sallee Comley,scomley5@reuters.com,385719204,scomley5,+251-207-326-3960,06449 Karstens Center
7,Panchito Goodbairn,pgoodbairn6@spotify.com,353907411,pgoodbairn6,+62-212-338-9342,54100 Rigney Drive
8,Linea Grioli,lgrioli7@thetimes.co.uk,420132802,lgrioli7,+63-741-730-2638,05988 Anniversary Place
9,Hashim Ingrey,hingrey8@abc.net.au,199584779,hingrey8,+62-105-436-5813,1 Butterfield Alley
10,Kerwinn Stairmond,kstairmond9@oaic.gov.au,38694336,kstairmond9,+33-784-289-3130,6758 Straubel Pass
11,Jessalyn Leyzell,jleyzella@ameblo.jp,604152567,jleyzella,+229-435-210-4465,86460 Darwin Park
12,Kristyn Birkbeck,kbirkbeckb@shareasale.com,591147836,kbirkbeckb,+598-129-452-7470,044 Hagan Terrace
13,Padriac Cordeau,pcordeauc@opera.com,293723692,pcordeauc,+66-581-115-5385,0468 Elmside Court
14,April Jeary,ajearyd@netvibes.com,578445638,ajearyd,+86-179-116-0513,36245 Park Meadow Street
15,Sammy Harfoot,sharfoote@moonfruit.com,335150990,sharfoote,+380-483-748-4906,02016 Karstens Drive
16,Sollie Nannoni,snannonif@eventbrite.com,21107421,snannonif,+57-939-929-8063,83167 Havey Park
17,Tobe Foxon,tfoxong@java.com,157020772,tfoxong,+48-490-336-2729,3 Corben Terrace
18,Shantee Flaune,sflauneh@harvard.edu,470094528,sflauneh,+7-972-565-1069,4506 Schlimgen Alley
19,Cristian Shama,cshamai@sun.com,40498297,cshamai,+86-245-228-6297,94 Montana Avenue
20,Laney Cardall,lcardallj@spotify.com,109965881,lcardallj,+355-574-887-3144,7 Lighthouse Bay Terrace
21,Syman Angliss,sanglissk@reverbnation.com,465417298,sanglissk,+252-428-227-2561,4 Pine View Court
22,Jacqui Obbard,jobbardl@umich.edu,100549257,jobbardl,+992-225-319-8731,6 Autumn Leaf Road
23,Laughton Allon,lallonm@patch.com,471332904,lallonm,+222-200-795-7555,303 High Crossing Terrace
24,Wadsworth Chidley,wchidleyn@economist.com,552482131,wchidleyn,+62-125-327-7398,958 Dennis Terrace
25,Blake Fatkin,bfatkino@quantcast.com,378366712,bfatkino,+1-949-352-2290,2459 Declaration Way
26,Byrann Copelli,bcopellip@ustream.tv,86473281,bcopellip,+55-518-845-9222,818 North Lane
27,Adelaida Bellenie,abellenieq@salon.com,90835642,abellenieq,+48-227-273-6810,792 Russell Avenue
28,Carlene O'Duane,coduaner@weather.com,243027159,coduaner,+86-324-281-0487,71 Del Sol Crossing
29,Sherwood Ciccottini,sciccottinis@theatlantic.com,617406091,sciccottinis,+380-660-617-0821,60233 Kennedy Parkway
30,Galven Filyakov,gfilyakovt@epa.gov,436253653,gfilyakovt,+1-214-483-6066,2 Quincy Parkway
31,Engracia Iorizzi,eiorizziu@ucoz.ru,76470415,eiorizziu,+86-867-368-4837,63 Glendale Place
32,Skelly Alenikov,salenikovv@dmoz.org,43240493,salenikovv,+509-265-888-3492,0868 Express Circle
33,Antoinette Whittlesee,awhittleseew@amazonaws.com,142595588,awhittleseew,+1-665-635-0723,944 Linden Way
34,Charyl Accum,caccumx@liveinternet.ru,538544709,caccumx,+55-177-710-7125,39 Florence Junction
35,Anatola Arno,aarnoy@theguardian.com,43834924,aarnoy,+86-201-639-0799,8464 Acker Court
36,Morgen Dederich,mdederichz@de.vu,152939816,mdederichz,+375-291-105-6148,36465 Kennedy Point
37,Robin Cawthra,rcawthra10@parallels.com,161877200,rcawthra10,+351-708-685-4657,5673 Westerfield Circle
38,Germana Fairs,gfairs11@hao123.com,133681606,gfairs11,+62-748-949-9573,0 Hoepker Alley
39,Charlotta Facer,cfacer12@slate.com,545413589,cfacer12,+81-768-452-7479,1404 Petterle Lane
40,Neale Luxton,nluxton13@utexas.edu,170395348,nluxton13,+86-347-180-6118,914 Ruskin Terrace
41,Alyosha Rosterne,arosterne14@123-reg.co.uk,588474963,arosterne14,+265-708-980-7855,3 Gale Street
42,Gian Fiennes,gfiennes15@lulu.com,288276431,gfiennes15,+86-788-894-2188,67 Gateway Junction
43,Pauly Trunks,ptrunks16@diigo.com,437615776,ptrunks16,+86-472-791-1748,094 Dahle Road
44,Skipton Brigman,sbrigman17@ftc.gov,170166064,sbrigman17,+33-111-672-8396,8 Miller Road
45,Mireielle Torel,mtorel18@apache.org,315266657,mtorel18,+351-758-173-6902,017 Rigney Alley
46,Joye Dils,jdils19@mapquest.com,257500482,jdils19,+52-510-954-0943,95 Thackeray Place
47,Rica Hurcombe,rhurcombe1a@shop-pro.jp,377119734,rhurcombe1a,+86-971-795-0076,8 Londonderry Drive
48,Teador Dies,tdies1b@jigsy.com,330791980,tdies1b,+86-371-505-4426,3038 Ludington Center
49,Meagan Beveredge,mbeveredge1c@delicious.com,630191136,mbeveredge1c,+86-526-967-8046,31328 Anderson Plaza
50,Gianina Allwright,gallwright1d@sitemeter.com,308118463,gallwright1d,+62-845-198-8905,65413 Warbler Road
51,Shanta MacPharlain,smacpharlain1e@pinterest.com,491604375,smacpharlain1e,+62-541-238-2478,28345 Mallory Center
52,Ezekiel Peckham,epeckham1f@blogtalkradio.com,311738396,epeckham1f,+55-865-413-0110,326 Shoshone Drive
53,Cort Gratrex,cgratrex1g@i2i.jp,233392250,cgratrex1g,+63-362-801-7906,58190 Moulton Lane
54,Dallas Hayball,dhayball1h@senate.gov,183003550,dhayball1h,+33-188-149-6447,81004 Hollow Ridge Hill
55,Noelle Janous,njanous1i@reverbnation.com,347960119,njanous1i,+40-237-720-0669,460 Nova Plaza
56,Torrey Amiranda,tamiranda1j@e-recht24.de,521650131,tamiranda1j,+33-592-680-2142,57166 Messerschmidt Pass
57,Lil Issitt,lissitt1k@blinklist.com,573314838,lissitt1k,+62-901-220-4782,6754 Darwin Place
58,Hedvige Marklund,hmarklund1l@google.com,353212684,hmarklund1l,+62-118-421-1935,3035 Shasta Pass
59,Hamlin Mushawe,hmushawe1m@house.gov,89455776,hmushawe1m,+591-793-277-6631,0804 Maple Wood Terrace
60,Fairfax Winckle,fwinckle1n@sbwire.com,387494155,fwinckle1n,+33-692-363-4143,111 Donald Pass
61,Cristine Rumming,crumming1o@hud.gov,108957129,crumming1o,+62-620-946-1469,86 Sunfield Park
62,Curtice Doley,cdoley1p@toplist.cz,113808437,cdoley1p,+358-113-129-7436,2361 Northfield Junction
63,Pearce Hector,phector1q@soundcloud.com,290206986,phector1q,+62-850-426-7690,77 8th Circle
64,Franciskus Olivie,folivie1r@alibaba.com,372500910,folivie1r,+46-388-344-3094,1 Barnett Lane
65,Raye Londesborough,rlondesborough1s@51.la,557649798,rlondesborough1s,+55-155-571-7868,98 Barby Court
66,Jonah Pedroli,jpedroli1t@quantcast.com,168174549,jpedroli1t,+86-764-270-5409,49 7th Junction
67,Nicolis Bezley,nbezley1u@furl.net,240348524,nbezley1u,+1-300-768-0489,4 Anhalt Plaza
68,Zollie Barthelet,zbarthelet1v@i2i.jp,470421390,zbarthelet1v,+7-813-296-3340,909 Golden Leaf Crossing
69,Herrick Bohling,hbohling1w@booking.com,575928581,hbohling1w,+7-985-710-8287,45 Barby Avenue
70,Averell Websdale,awebsdale1x@weather.com,415745536,awebsdale1x,+7-678-160-8980,2498 Sheridan Trail
71,Muhammad Chinnick,mchinnick1y@hatena.ne.jp,464917903,mchinnick1y,+62-450-434-9475,810 Kinsman Court
72,Tyson Whatson,twhatson1z@domainmarket.com,448215145,twhatson1z,+52-586-255-5461,933 1st Court
73,Janis Lindsey,jlindsey20@wordpress.com,142204032,jlindsey20,+86-695-530-8117,82753 Continental Hill
74,Cherida McLevie,cmclevie21@bloglines.com,507193220,cmclevie21,+502-505-982-2313,4095 Schlimgen Circle
75,Erminie Siman,esiman22@narod.ru,86594421,esiman22,+62-881-989-5441,370 Rieder Hill
76,Moise Broadway,mbroadway23@tripadvisor.com,253491858,mbroadway23,+374-220-528-8671,38424 Burning Wood Court
77,Bibby Blench,bblench24@europa.eu,513304418,bblench24,+86-507-732-2873,1 Warbler Center
78,Rhona Morffew,rmorffew25@blogspot.com,373030564,rmorffew25,+359-340-658-3137,94 Fairfield Road
79,Cathi Cristofvao,ccristofvao26@discovery.com,69374368,ccristofvao26,+82-198-209-3835,16289 Summit Place
80,Charlot Chopin,cchopin27@cpanel.net,185939711,cchopin27,+380-621-480-8449,18904 Hallows Avenue
81,Jeanette Dotson,jdotson28@domainmarket.com,553542705,jdotson28,+374-795-138-8637,78197 Toban Lane
82,Walton Ring,wring29@de.vu,242332821,wring29,+86-544-309-7354,78 Muir Avenue
83,Barbie Matchell,bmatchell2a@geocities.com,155738840,bmatchell2a,+998-915-525-6579,29 Burrows Terrace
84,Savina Biglin,sbiglin2b@webeden.co.uk,140684662,sbiglin2b,+63-635-143-9087,76486 Memorial Alley
85,Erminia Lamble,elamble2c@comsenz.com,509555441,elamble2c,+48-202-417-4241,561 Dovetail Crossing
86,Gaynor Matyugin,gmatyugin2d@phpbb.com,88962545,gmatyugin2d,+374-550-249-0736,5636 Hintze Avenue
87,Jolene Blew,jblew2e@jugem.jp,477206915,jblew2e,+86-970-170-5332,5189 Lindbergh Lane
88,Farrah Tarte,ftarte2f@buzzfeed.com,429564134,ftarte2f,+234-729-467-2826,49136 Lake View Street
89,Merry Posvner,mposvner2g@state.tx.us,138713935,mposvner2g,+358-528-801-4637,67 Blaine Crossing
90,Bonnee Learmount,blearmount2h@bravesites.com,302000459,blearmount2h,+86-754-420-3929,02032 Grayhawk Parkway
91,Marcelline Peter,mpeter2i@barnesandnoble.com,508258502,mpeter2i,+7-807-779-5408,87867 Weeping Birch Drive
92,Lesya Josofovitz,ljosofovitz2j@dedecms.com,203638816,ljosofovitz2j,+86-608-423-3713,80 Scofield Way
93,Katerine Jahnisch,kjahnisch2k@webs.com,307394711,kjahnisch2k,+48-952-316-8116,8 Superior Crossing
94,Austin Trass,atrass2l@cnn.com,242489213,atrass2l,+63-712-396-2126,03569 Oxford Junction
95,Doti Pobjoy,dpobjoy2m@homestead.com,311294423,dpobjoy2m,+7-634-625-1607,0501 Shelley Park
96,Cyrillus Greene,cgreene2n@etsy.com,15133464,cgreene2n,+86-238-297-6495,9734 Hintze Avenue
97,Cassy Kemmey,ckemmey2o@1688.com,288642137,ckemmey2o,+63-729-271-8653,410 Mayfield Crossing
98,Gonzales Poolman,gpoolman2p@telegraph.co.uk,365985827,gpoolman2p,+81-731-253-5054,9617 Fisk Park
99,Roley Stowte,rstowte2q@umich.edu,374063710,rstowte2q,+48-382-570-0601,5251 Pleasure Court
100,Tally Serrels,tserrels2r@biblegateway.com,429818277,tserrels2r,+92-387-409-0936,740 Pepper Wood Way
