id,real_name,email,birth_day,user_name,walk_in_time,user_level,grade
1,Charmine Mawby,cmawby0@edublogs.org,1525802789,cmawby0,1554280964,1,76
2,Emalee Light,elight1@dot.gov,1574407844,elight1,1593609069,2,63
3,Genni Fentem,gfentem2@sciencedaily.com,1568514853,gfentem2,1530798868,3,22
4,Roobbie Laister,rlaister3@weibo.com,1581213155,rlaister3,1571775878,4,56
5,Sigismund Dood,sdood4@yolasite.com,1544105038,sdood4,1527107193,5,86
6,Ardella McGeoch,amcgeoch5@walmart.com,1582140065,amcgeoch5,1538177520,6,72
7,Maribeth Cuncliffe,mcuncliffe6@issuu.com,1527955642,mcuncliffe6,1551182393,7,43
8,Brok Morewood,bmorewood7@cbslocal.com,1537006444,bmorewood7,1582783814,8,87
9,Alicia Crippell,acrippell8@domainmarket.com,1542568095,acrippell8,1583445306,9,29
10,Oran Shelliday,oshelliday9@mozilla.org,1584728495,oshelliday9,1587253705,10,65
11,Rawley Huyche,rhuychea@unesco.org,1555908993,rhuychea,1533257942,11,16
12,Cassi Emptage,cemptageb@vimeo.com,1571507427,cemptageb,1560357409,12,86
13,Dane Robelet,drobeletc@shinystat.com,1561235400,drobeletc,1567395718,13,86
14,Terrel Stronough,tstronoughd@mit.edu,1585396843,tstronoughd,1593312482,14,46
15,Christoforo Ellse,cellsee@wiley.com,1581074806,cellsee,1595275576,15,20
16,Keriann Kilminster,kkilminsterf@ucla.edu,1567805013,kkilminsterf,1595434579,16,27
17,Buiron Gerbi,bgerbig@studiopress.com,1563193892,bgerbig,1531831195,17,51
18,Darcie Cumbers,dcumbersh@ed.gov,1567172456,dcumbersh,1592803303,18,37
19,Jammie Rickeard,jrickeardi@storify.com,1561751358,jrickeardi,1572280314,19,42
20,Nels Lunney,nlunneyj@weebly.com,1564449376,nlunneyj,1542800338,20,44
21,Tamara Capnor,tcapnork@mozilla.com,1549397758,tcapnork,1583633212,21,30
22,Winn Beckingham,wbeckinghaml@epa.gov,1553317018,wbeckinghaml,1585350187,22,21
23,Augie Hawick,ahawickm@latimes.com,1582038181,ahawickm,1557005007,23,1
24,Christa Margiotta,cmargiottan@gizmodo.com,1564501742,cmargiottan,1567587390,24,69
25,Gillan Bwy,gbwyo@comsenz.com,1566381371,gbwyo,1559284717,25,57
26,Melli Waby,mwabyp@opensource.org,1581361838,mwabyp,1535628386,26,64
27,Davie Mc Ilwrick,dmcq@businessinsider.com,1536648670,dmcq,1596051618,27,63
28,Obidiah Grumell,ogrumellr@fotki.com,1589990899,ogrumellr,1581117960,28,26
29,Dorthy Olekhov,dolekhovs@wp.com,1530534676,dolekhovs,1530761651,29,67
30,Damian Maun,dmaunt@fema.gov,1564934708,dmaunt,1578363358,30,72
31,Charo Whyteman,cwhytemanu@oracle.com,1526323980,cwhytemanu,1589829142,31,45
32,Rosita Zuann,rzuannv@marketwatch.com,1522899152,rzuannv,1550202045,32,44
33,Lissi Birkby,lbirkbyw@addtoany.com,1556015866,lbirkbyw,1584840313,33,20
34,Clemence Fines,cfinesx@sciencedirect.com,1573781611,cfinesx,1593181375,34,1
35,Eb Kleinlerer,ekleinlerery@goodreads.com,1590791701,ekleinlerery,1547992909,35,22
36,Emory Bannard,ebannardz@woothemes.com,1534688610,ebannardz,1578632724,36,67
37,Amity Kingcote,akingcote10@wix.com,1566461587,akingcote10,1594921488,37,7
38,Ralph Galliver,rgalliver11@fastcompany.com,1546713877,rgalliver11,1597533914,38,19
39,Minnaminnie Songust,msongust12@sina.com.cn,1566412514,msongust12,1584575961,39,1
40,Jeniffer Snow,jsnow13@delicious.com,1549143058,jsnow13,1567939833,40,24
41,Zandra Strawbridge,zstrawbridge14@senate.gov,1571214972,zstrawbridge14,1565461184,41,14
42,Leshia Dormon,ldormon15@psu.edu,1532491226,ldormon15,1570686857,42,40
43,Elfie Peete,epeete16@sphinn.com,1532954194,epeete16,1542455047,43,25
44,John Hamilton,jhamilton17@printfriendly.com,1531057393,jhamilton17,1551034948,44,11
45,Eden De Mattia,ede18@fc2.com,1570400396,ede18,1579955227,45,31
46,Jaquenetta Garbar,jgarbar19@archive.org,1571242540,jgarbar19,1568961659,46,73
47,Basil Doyle,bdoyle1a@usa.gov,1580335482,bdoyle1a,1542020557,47,84
48,Barny Gregersen,bgregersen1b@slideshare.net,1523556370,bgregersen1b,1549208832,48,20
49,Marlowe VanBrugh,mvanbrugh1c@vimeo.com,1569205008,mvanbrugh1c,1580947100,49,24
50,Karna Hakes,khakes1d@geocities.jp,1560792125,khakes1d,1576071968,50,100
51,Lonny Hunte,lhunte1e@mysql.com,1576824511,lhunte1e,1597241029,51,34
52,Estel Silson,esilson1f@wordpress.org,1589408962,esilson1f,1553446828,52,40
53,Barris Presnall,bpresnall1g@nba.com,1567605813,bpresnall1g,1594087349,53,89
54,Margareta Fairlamb,mfairlamb1h@icio.us,1530371467,mfairlamb1h,1526418061,54,45
55,Charlean Athersmith,cathersmith1i@cnn.com,1571431269,cathersmith1i,1553227674,55,95
56,Stacie Moscrop,smoscrop1j@go.com,1580141670,smoscrop1j,1578904428,56,64
57,Constantine McCarver,cmccarver1k@ning.com,1584270850,cmccarver1k,1526658336,57,64
58,Claudina Allanby,callanby1l@wikispaces.com,1536620634,callanby1l,1537286843,58,38
59,Welch Gyves,wgyves1m@nyu.edu,1525020012,wgyves1m,1535711722,59,81
60,Rosette Isitt,risitt1n@mayoclinic.com,1586818716,risitt1n,1543316444,60,87
61,Lianna Bertlin,lbertlin1o@nasa.gov,1529809449,lbertlin1o,1532884351,61,97
62,Kettie Linford,klinford1p@github.com,1588949143,klinford1p,1570933368,62,7
63,Vilhelmina Le Grys,vle1q@google.cn,1538238230,vle1q,1585346097,63,91
64,Chantalle Decayette,cdecayette1r@elpais.com,1527321591,cdecayette1r,1554940825,64,33
65,Bertrando Teml,bteml1s@biglobe.ne.jp,1579828961,bteml1s,1568667949,65,39
66,Lucho Hariot,lhariot1t@ed.gov,1566408178,lhariot1t,1558976784,66,63
67,Stefan Hext,shext1u@yelp.com,1574383108,shext1u,1543046653,67,87
68,Malorie Gullis,mgullis1v@cdc.gov,1551257623,mgullis1v,1526534841,68,90
69,Mac Jochens,mjochens1w@discuz.net,1572191331,mjochens1w,1551922230,69,22
70,Minda Samper,msamper1x@shinystat.com,1550869209,msamper1x,1559167517,70,72
71,Elfie Uzielli,euzielli1y@washington.edu,1548592547,euzielli1y,1570042159,71,100
72,Dick Eslemont,deslemont1z@wp.com,1552823416,deslemont1z,1525473562,72,66
73,Malva Soppitt,msoppitt20@tripadvisor.com,1582637003,msoppitt20,1558908306,73,89
74,Humfrid Paschke,hpaschke21@oracle.com,1529369626,hpaschke21,1529125915,74,68
75,Bronny De Hailes,bde22@edublogs.org,1544796185,bde22,1563885063,75,81
76,Nettle Darthe,ndarthe23@posterous.com,1556591696,ndarthe23,1536643193,76,66
77,Niels Bonallick,nbonallick24@etsy.com,1584807346,nbonallick24,1525986666,77,87
78,Laurena Possa,lpossa25@digg.com,1581939029,lpossa25,1559507753,78,69
79,Starlene Mockett,smockett26@webeden.co.uk,1574558691,smockett26,1579676261,79,74
80,Wynnie Barrim,wbarrim27@yolasite.com,1549975904,wbarrim27,1573778028,80,86
81,Felita Alldridge,falldridge28@squidoo.com,1550266058,falldridge28,1593559044,81,99
82,Alonzo Dielhenn,adielhenn29@blogspot.com,1573408123,adielhenn29,1591326180,82,88
83,Margit Oselton,moselton2a@uol.com.br,1553865502,moselton2a,1532556490,83,54
84,Mina Simeon,msimeon2b@ft.com,1585609797,msimeon2b,1540786754,84,88
85,Jaime Fairn,jfairn2c@smugmug.com,1569932238,jfairn2c,1526777276,85,89
86,Hall Bednell,hbednell2d@cmu.edu,1567192117,hbednell2d,1561948803,86,46
87,Jacob Lesser,jlesser2e@cnn.com,1572178917,jlesser2e,1587955783,87,78
88,Wenda Boutflour,wboutflour2f@go.com,1577651312,wboutflour2f,1544826326,88,64
89,Arlinda Posselwhite,aposselwhite2g@usnews.com,1544335157,aposselwhite2g,1582607769,89,90
90,Jane Petyt,jpetyt2h@disqus.com,1557620387,jpetyt2h,1557665319,90,41
91,Merla Broadberrie,mbroadberrie2i@icio.us,1544181121,mbroadberrie2i,1527428044,91,2
92,Aguistin Laugharne,alaugharne2j@ehow.com,1525644387,alaugharne2j,1589108708,92,72
93,Evvie Dalrymple,edalrymple2k@clickbank.net,1568434051,edalrymple2k,1529295910,93,11
94,Kipp Landal,klandal2l@washington.edu,1579178652,klandal2l,1551032077,94,66
95,Gray Lampitt,glampitt2m@amazon.com,1535541272,glampitt2m,1564597898,95,11
96,Sibylla Corran,scorran2n@yandex.ru,1549604058,scorran2n,1561424470,96,53
97,Reagan Lighton,rlighton2o@twitter.com,1550048734,rlighton2o,1539092481,97,43
98,Celka Isaksen,cisaksen2p@mac.com,1559801214,cisaksen2p,1595156792,98,94
99,Cob Himsworth,chimsworth2q@ucoz.com,1549757643,chimsworth2q,1562378415,99,43
100,Dee dee Arrighetti,ddee2r@w3.org,1567140147,ddee2r,1553452526,100,80
